antecedents,consequents,antecedent support,consequent support,support,confidence,lift,representativity,leverage,conviction,zhangs_metric,jaccard,certainty,kulczynski
"frozenset({'Weapon_Used_Firearm', 'Time_of_Day_Night'})",frozenset({'Crime_Type_Robbery'}),0.07925,0.14866666666666667,0.050166666666666665,0.6330178759200841,4.257967775247202,1.0,0.03838483333333333,2.3198223495702,0.8310031815389557,0.2822315986872949,0.5689325089116102,0.48523091105421245
frozenset({'Crime_Type_Robbery'}),"frozenset({'Weapon_Used_Firearm', 'Time_of_Day_Night'})",0.14866666666666667,0.07925,0.050166666666666665,0.3374439461883408,4.257967775247202,1.0,0.03838483333333333,1.3896937394247038,0.8987621527822947,0.2822315986872949,0.28041699287357136,0.48523091105421245
frozenset({'Crime_Type_Robbery'}),frozenset({'Weapon_Used_Firearm'}),0.14866666666666667,0.10925,0.06066666666666667,0.4080717488789238,3.7352105160542224,1.0,0.04442483333333333,1.5048276515151517,0.8601536482311737,0.3075623151668779,0.3354720728362882,0.4816865227994924
frozenset({'Weapon_Used_Firearm'}),frozenset({'Crime_Type_Robbery'}),0.10925,0.14866666666666667,0.06066666666666667,0.555301296720061,3.735210516054222,1.0,0.04442483333333333,1.9144048027444251,0.8220909037636513,0.3075623151668779,0.47764443624126196,0.4816865227994924
"frozenset({'Time_of_Day_Night', 'Crime_Type_Robbery'})",frozenset({'Weapon_Used_Firearm'}),0.12316666666666666,0.10925,0.050166666666666665,0.40730717185385656,3.7282120993488017,1.0,0.036710708333333335,1.5028864155251143,0.8345655772022675,0.2752629172382259,0.3346137208575431,0.43324931437849196
frozenset({'Weapon_Used_Firearm'}),"frozenset({'Time_of_Day_Night', 'Crime_Type_Robbery'})",0.10925,0.12316666666666666,0.050166666666666665,0.45919145690312735,3.7282120993488013,1.0,0.036710708333333335,1.6213377997179126,0.8215267100123734,0.2752629172382259,0.38322538327670863,0.43324931437849196
frozenset({'Crime_Type_Robbery'}),frozenset({'Weapon_Used_Knife'}),0.14866666666666667,0.127,0.058083333333333334,0.390695067264574,3.0763391123194803,1.0,0.03920266666666666,1.432780128794848,0.7928014569656959,0.2669475296821141,0.30205620534315464,0.4240220743147017
frozenset({'Weapon_Used_Knife'}),frozenset({'Crime_Type_Robbery'}),0.127,0.14866666666666667,0.058083333333333334,0.4573490813648294,3.07633911231948,1.0,0.03920266666666666,1.5688415961305922,0.7731252085110298,0.2669475296821141,0.36258701804795934,0.4240220743147017
frozenset({'Crime_Type_Robbery'}),frozenset({'Time_of_Day_Night'}),0.14866666666666667,0.33641666666666664,0.12316666666666666,0.8284753363228698,2.462646528579252,1.0,0.07315272222222222,3.8687342047930264,0.6976501081378358,0.3403177527055031,0.7415175230283106,0.5972943934524926
frozenset({'Time_of_Day_Night'}),frozenset({'Crime_Type_Robbery'}),0.33641666666666664,0.14866666666666667,0.12316666666666666,0.3661134505821154,2.462646528579252,1.0,0.07315272222222222,1.343037384394946,0.8950387422750382,0.3403177527055031,0.25541908838932903,0.5972943934524926
"frozenset({'Weapon_Used_Firearm', 'Crime_Type_Robbery'})",frozenset({'Time_of_Day_Night'}),0.06066666666666667,0.33641666666666664,0.050166666666666665,0.8269230769230769,2.4580324307844745,1.0,0.02975738888888889,3.8340370370370365,0.6314803505702544,0.1446072543838578,0.7391783150919153,0.4880218555286675
frozenset({'Time_of_Day_Night'}),"frozenset({'Weapon_Used_Firearm', 'Crime_Type_Robbery'})",0.33641666666666664,0.06066666666666667,0.050166666666666665,0.1491206341342581,2.458032430784474,1.0,0.02975738888888889,1.1039559437166424,0.8938900554599907,0.1446072543838578,0.09416675032035993,0.4880218555286675
frozenset({'Crime_Type_Burglary'}),frozenset({'Time_of_Day_Night'}),0.11875,0.33641666666666664,0.09016666666666667,0.7592982456140351,2.257017326571321,1.0,0.05021718750000001,2.7568695335276976,0.6319856845085934,0.2470319634703197,0.637269740973053,0.5136595265721897
frozenset({'Time_of_Day_Night'}),frozenset({'Crime_Type_Burglary'}),0.33641666666666664,0.11875,0.09016666666666667,0.26802080753034435,2.257017326571321,1.0,0.05021718750000001,1.2039276649746193,0.8392877827048064,0.2470319634703197,0.1693853135096106,0.5136595265721897
frozenset({'Weapon_Used_Firearm'}),frozenset({'Time_of_Day_Night'}),0.10925,0.33641666666666664,0.07925,0.7254004576659039,2.156256004951907,1.0,0.04249647916666667,2.416549305555556,0.6020018811166171,0.21628382988401182,0.5861868004509414,0.48048571310344984
frozenset({'Time_of_Day_Night'}),frozenset({'Weapon_Used_Firearm'}),0.33641666666666664,0.10925,0.07925,0.23557096854099582,2.156256004951907,1.0,0.04249647916666667,1.1652487848347375,0.8080871665522441,0.21628382988401182,0.14181416619814294,0.48048571310344984
frozenset({'Weapon_Used_Knife'}),frozenset({'Time_of_Day_Night'}),0.127,0.33641666666666664,0.09025,0.7106299212598425,2.112350521456059,1.0,0.047525083333333336,2.2931995464852606,0.603200138768577,0.24184903974988836,0.5639280491169295,0.489449218742381
frozenset({'Time_of_Day_Night'}),frozenset({'Weapon_Used_Knife'}),0.33641666666666664,0.127,0.09025,0.2682685162249195,2.112350521456059,1.0,0.047525083333333336,1.193060595802302,0.7935608004193913,0.24184903974988836,0.16181960621411168,0.489449218742381
frozenset({'Weapon_Used_Blunt Object'}),frozenset({'Time_of_Day_Night'}),0.09608333333333334,0.33641666666666664,0.06758333333333333,0.7033824804856894,2.0908074723379424,1.0,0.03525929861111111,2.2371683723196876,0.577172548064282,0.1852021009362868,0.5530063752138984,0.45213711589308003
frozenset({'Time_of_Day_Night'}),frozenset({'Weapon_Used_Blunt Object'}),0.33641666666666664,0.09608333333333334,0.06758333333333333,0.20089175130047066,2.0908074723379424,1.0,0.03525929861111111,1.1311567214300475,0.7862100500883169,0.1852021009362868,0.1159492039831887,0.45213711589308003
frozenset({'Time_of_Day_Afternoon'}),frozenset({'Crime_Type_Theft'}),0.21033333333333334,0.24166666666666667,0.10325,0.49088748019017425,2.0312585387179625,1.0,0.052419444444444435,1.4895201037613486,0.6429223856301003,0.2960573476702509,0.32864283102001,0.4590644297502595
frozenset({'Crime_Type_Theft'}),frozenset({'Time_of_Day_Afternoon'}),0.24166666666666667,0.21033333333333334,0.10325,0.4272413793103448,2.0312585387179625,1.0,0.052419444444444435,1.3787076058599235,0.6694870907945968,0.2960573476702509,0.27468304682610145,0.4590644297502595
frozenset({'Crime_Type_Assault'}),frozenset({'Time_of_Day_Night'}),0.0925,0.33641666666666664,0.06291666666666666,0.6801801801801801,2.0218385341001146,1.0,0.031798125,2.0748661971830984,0.5569153303048547,0.17190346083788707,0.5180412108705464,0.43360012229222034
frozenset({'Time_of_Day_Night'}),frozenset({'Crime_Type_Assault'}),0.33641666666666664,0.0925,0.06291666666666666,0.18702006440426058,2.0218385341001146,1.0,0.031798125,1.1162637111517366,0.7616235020745782,0.17190346083788707,0.10415434094133398,0.43360012229222034
frozenset({'Time_of_Day_Afternoon'}),frozenset({'Crime_Type_Fraud'}),0.21033333333333334,0.15708333333333332,0.06208333333333333,0.2951664025356577,1.8790434113675822,1.0,0.02904347222222222,1.195908750234214,0.5924199886112851,0.2033296943231441,0.16381580132752271,0.34519593336331955
frozenset({'Crime_Type_Fraud'}),frozenset({'Time_of_Day_Afternoon'}),0.15708333333333332,0.21033333333333334,0.06208333333333333,0.3952254641909814,1.879043411367582,1.0,0.02904347222222222,1.305720760233918,0.5549947416787481,0.2033296943231441,0.23413946499491103,0.34519593336331955
frozenset({'Crime_Type_Fraud'}),frozenset({'Time_of_Day_Morning'}),0.15708333333333332,0.28591666666666665,0.05508333333333333,0.3506631299734748,1.226452217919469,1.0,0.01017059027777778,1.0997116693899784,0.21904901499622725,0.14199785177228788,0.09067073867215521,0.27165916626916237
frozenset({'Time_of_Day_Morning'}),frozenset({'Crime_Type_Fraud'}),0.28591666666666665,0.15708333333333332,0.05508333333333333,0.19265520256484991,1.226452217919469,1.0,0.01017059027777778,1.0440603188929,0.2585693530968419,0.14199785177228788,0.042200932355729026,0.27165916626916237
frozenset({'Crime_Type_Theft'}),frozenset({'Time_of_Day_Morning'}),0.24166666666666667,0.28591666666666665,0.08291666666666667,0.3431034482758621,1.200012060422718,1.0,0.013820138888888889,1.0870559930008752,0.21979126401236956,0.18646926536731634,0.0800841847718923,0.31655318143900946
frozenset({'Time_of_Day_Morning'}),frozenset({'Crime_Type_Theft'}),0.28591666666666665,0.24166666666666667,0.08291666666666667,0.2900029146021568,1.2000120604227178,1.0,0.013820138888888889,1.0680795019157088,0.2334111917974749,0.18646926536731634,0.06374010716767933,0.31655318143900946
